<?xml version="1.0" encoding="UTF-8"?>
<project-private xmlns="http://www.netbeans.org/ns/project-private/1">
    <editor-bookmarks xmlns="http://www.netbeans.org/ns/editor-bookmarks/2" lastBookmarkId="0"/>
    <open-files xmlns="http://www.netbeans.org/ns/projectui-open-files/2">
        <group>
            <file>file:/C:/Users/Lenovo/Documents/NetBeansProjects/minicoompilateur/src/Lexer/Token.java</file>
            <file>file:/C:/Users/Lenovo/Documents/NetBeansProjects/minicoompilateur/src/Lexer/SymboleTable.java</file>
            <file>file:/C:/Users/Lenovo/Documents/NetBeansProjects/minicoompilateur/src/Lexer/Lexer.java</file>
            <file>file:/C:/Users/Lenovo/Documents/NetBeansProjects/minicoompilateur/src/parse/Parser.java</file>
            <file>file:/C:/Users/Lenovo/Documents/NetBeansProjects/minicoompilateur/src/parse/Main.java</file>
        </group>
    </open-files>
</project-private>
